,ema20_distance_atr,ema50_distance_atr,ema20_distance_percent,ema50_distance_percent,ema_cross_distance,ema20_slope,ema50_slope,ema_trend_duration,ema_alignment_score,atr_percent,atr_percentile_252,rolling_volatility,volatility_rank,volatility_regime_score,macd_normalized,macd_histogram_zscore,macd_signal_distance,momentum_rank,rsi_percentile,roc_3,roc_12,momentum_acceleration,body_percent,upper_wick_percent,lower_wick_percent,close_position,range_percent,body_rank,hour_sin,hour_cos,day_sin,day_cos,rolling_zscore,rolling_percentile,rolling_rank,rolling_quantile,rolling_std,rolling_mean_distance
ema20_distance_atr,1.0,0.8981280990625558,0.7912465443278043,0.7290802367975345,0.5640358102676354,0.7524006763973242,0.6764581874164194,0.025696951497465512,0.7598637292600582,-0.03920776892728547,-0.01759368191238722,-0.03174176346116873,-0.008149098965738127,-0.017593681912387436,0.7845378028330627,0.6237277033625229,0.696201764390002,0.7531682173786189,0.8477591944675652,0.5275165346214872,0.7122787614854031,0.1696377180146544,0.011090325451363415,0.039675725919482145,-0.05254363756904781,0.27028232267995633,-0.04700100668307693,0.010586478840342028,0.016719141550753353,0.00021646965782194582,-0.011389349956743733,-0.013139655193914504,0.25181629492657515,0.21888349232865065,0.21889129582748879,0.24610012100007078,-0.029859941374837055,0.25181629492657515
ema50_distance_atr,0.8981280990625558,1.0,0.7023739704844494,0.7951212238106016,0.8696868363384601,0.7077099418169892,0.7817267675605445,0.056269970400189974,0.8664445906821054,-0.04549349541865391,0.0025749536691430084,-0.03877422849663979,-0.004935104067039948,0.002574953669142773,0.9421240251185324,0.2938762304245671,0.37484577531639746,0.5017576761542241,0.6724078519030238,0.35786997658175673,0.6010836776129815,0.05699248863997617,0.00848395217066848,0.018750579938319467,-0.02879383548680371,0.17807867673039568,-0.03816266094389955,0.0073977727646602895,0.012071956962610108,-0.004256792768397467,-0.01324606646932495,-0.00543889007844753,0.10073348463388276,0.08478794006681104,0.0848014582035425,0.23865440002486732,-0.03695158243006942,0.10073348463388276
ema20_distance_percent,0.7912465443278043,0.7023739704844494,1.0,0.9039324529267792,0.43076768026364076,0.9452757788159883,0.830570417325012,0.018932662447904394,0.5844220166863183,-0.11554959317976826,-0.03946605702904014,-0.10985480274300623,-0.0409887409354532,-0.039466057029040276,0.6114685562548156,0.5237790247609863,0.5653591758335963,0.6011160775959992,0.6580198798680896,0.668083253114567,0.9013273993318112,0.21589989980714164,0.0020422158560759337,0.02775404454246745,-0.02977199348348879,0.2118402496192388,-0.14687046024198036,0.002769851581194326,0.016903436187985045,-0.00010913444112001054,-0.0018349412653624615,-0.0046048906759012485,0.19209410336403238,0.16470427489028797,0.1646980961200837,0.2588870522417282,-0.10568156731240243,0.19209410336403238
ema50_distance_percent,0.7290802367975345,0.7951212238106016,0.9039324529267792,1.0,0.6747143088818104,0.9064930876255093,0.9759826469298459,0.04209251357871368,0.6810845091103964,-0.1328414448396626,-0.02526036030695586,-0.12886191569979735,-0.0423875900343158,-0.025260360306956053,0.7482249762685,0.27004673360470505,0.3304783037592059,0.4200695188277728,0.5350177678488485,0.4611787224642658,0.7774826573465894,0.0721663152165197,0.0008409103678311552,0.011359516167243861,-0.012191613724401614,0.14599125065671703,-0.12405240435271543,0.0017823572117822617,0.011026951594582423,-0.002385035425597647,-0.00201039505010488,-0.0032496255074367284,0.07866719507415719,0.06467578621653038,0.06467336642608564,0.251774450902112,-0.12469637192848208,0.07866719507415719
ema_cross_distance,0.5640358102676354,0.8696868363384601,0.43076768026364076,0.6747143088818104,1.0,0.4843928896349232,0.7086305112675095,0.07682107257525768,0.7740935928140166,-0.041418595566036845,0.024582510190957686,-0.037181542523441996,-0.00012044199391824021,0.02458251019095733,0.8885107370006807,-0.1482672397236889,-0.07758983408683423,0.09681011264802732,0.31107676886326496,0.07988279537240248,0.32920441763597724,-0.08339579834980033,0.003481985764419136,-0.009328665103323395,0.004913981112657077,0.030993554652746804,-0.018902267762747598,0.002008073434709684,0.003901880075435833,-0.008236567964180498,-0.012089393184918036,0.0045359697273354305,-0.09350349915920457,-0.08647947016816179,-0.08646284472694936,0.17190639739411426,-0.03587125773741354,-0.09350349915920457
ema20_slope,0.7524006763973242,0.7077099418169892,0.9452757788159883,0.9064930876255093,0.4843928896349232,1.0,0.9033571358220137,0.023010320085104206,0.5972908957325741,-0.10722266772794252,-0.03900235761154819,-0.1028851705014523,-0.04145666142649114,-0.03900235761154816,0.6761538191358776,0.5125187362638972,0.5681185450691123,0.575676484355763,0.6280302999512516,0.47734956053037014,0.8957293296440239,0.04029137911329588,-0.001227417223419809,0.011924169587139712,-0.010219396558185108,0.06362963763403628,-0.10494596962910814,-0.0003650527465322742,0.015974240165914682,-0.0018562165431400264,-0.0007145723683786565,-0.00467133456686696,-0.028981800246092794,-0.03578779346982544,-0.035800321832980736,0.2729172045058949,-0.09859295504276935,-0.028981800246092794
ema50_slope,0.6764581874164194,0.7817267675605445,0.830570417325012,0.9759826469298459,0.7086305112675095,0.9033571358220137,1.0,0.04709550486537931,0.6759690636247138,-0.11059043844590397,-0.019328598786088214,-0.10778304303476174,-0.0383277913737502,-0.01932859878608847,0.7757237833891885,0.22934007727314734,0.29793240704283636,0.37362643370745535,0.4880271377344778,0.3127096100867144,0.7351598263606798,-0.04759677160052254,-0.0008655704329991001,-0.00028113413120351864,0.001333827416145199,0.04857965581669749,-0.08031435525520973,9.72301010821538e-05,0.009577999312673573,-0.0009392727284328352,-0.0016118439164169898,-0.0026577751981699768,-0.06413100639843279,-0.06422061382065686,-0.06422569631840952,0.2643504007780693,-0.10372287914128038,-0.06413100639843279
ema_trend_duration,0.025696951497465512,0.056269970400189974,0.018932662447904394,0.04209251357871368,0.07682107257525768,0.023010320085104206,0.04709550486537931,1.0,0.051630988122976805,0.025346154396362307,0.12254385055562542,0.017793941679128275,0.06122510234008186,0.12254385055562522,0.05000139543816381,-0.03267319563004682,-0.021936329308702023,-0.016512192520944838,-0.018893232920460037,0.0002232119250012204,0.010996223663632738,-0.006056774791384354,0.005783158301219459,-0.010407577245767272,0.0031627758965954117,0.007856444666059188,0.03578106626218085,0.0023272129489070354,-0.0013893121244146847,-0.01277088565330204,0.004134207835953104,-0.014677242779810253,-0.004416735963433985,-0.005354400649425944,-0.005347093630206269,0.04169860643087823,0.017688430129699326,-0.004416735963433985
ema_alignment_score,0.7598637292600582,0.8664445906821054,0.5844220166863183,0.6810845091103964,0.7740935928140166,0.5972908957325741,0.6759690636247138,0.051630988122976805,1.0,-0.05197488807003488,-0.007955796708570167,-0.04878082879018814,-0.015540696740563818,-0.007955796708570497,0.8252516591304397,0.21655479601770786,0.2952798223120307,0.4374523842089408,0.6131222105456157,0.27600104123394026,0.4976029476013784,0.02603319989345669,0.004733681593886121,0.021379285701281874,-0.02679527190606884,0.14571200888947078,-0.039290404715369744,0.0033517053405986252,0.008131346971972944,-0.004947162865449722,-0.011346284683541293,-0.017028143011951807,0.06755834964501395,0.06021043276347488,0.06022006970143394,0.19633409968213336,-0.047360917972417656,0.06755834964501395
atr_percent,-0.03920776892728547,-0.04549349541865391,-0.11554959317976826,-0.1328414448396626,-0.041418595566036845,-0.10722266772794252,-0.11059043844590397,0.025346154396362307,-0.05197488807003488,1.0,0.22861085489024088,0.9400460953590822,0.18588527247203387,0.22861085489024066,-0.04486662120825202,-0.02072238871869688,-0.015109544213256887,-0.02634239776265079,-0.032277857241407755,-0.03274685506551294,-0.07816498429925037,0.004322796641094912,0.013094861134524573,-0.023392778197478384,0.006991282730712638,0.011983875729516638,0.7626561575635453,0.00871461001481045,-0.05261065855703837,0.1948133237698899,-0.026531020104377436,0.0007085571431622789,-0.00047445891251267754,0.0014774912681569513,0.0013856326880497733,0.8177598165436442,0.9408322932643335,-0.00047445891251267754
atr_percentile_252,-0.01759368191238722,0.0025749536691430084,-0.03946605702904014,-0.02526036030695586,0.024582510190957686,-0.03900235761154819,-0.019328598786088214,0.12254385055562542,-0.007955796708570167,0.22861085489024088,1.0,0.2774732454014247,0.7018123336481883,0.9999999999999996,-0.013341532191846486,-0.0319738679822632,-0.029942075580339927,-0.04523816602564409,-0.07307048126466564,-0.011771907635684808,-0.034423999336561574,0.0055137252785751965,0.05685193037523683,-0.044595944683524305,-0.025627607787139985,0.013127180759192204,0.24390311318647126,0.04161193026950434,-0.28485213931357267,0.1662885789619114,-0.08908492490294331,-0.04962524469232642,0.00814560636896497,0.009170512312183736,0.009238605018753194,0.17120314962467853,0.2780381885199751,0.00814560636896497
rolling_volatility,-0.03174176346116873,-0.03877422849663979,-0.10985480274300623,-0.12886191569979735,-0.037181542523441996,-0.1028851705014523,-0.10778304303476174,0.017793941679128275,-0.04878082879018814,0.9400460953590822,0.2774732454014247,1.0,0.37245691836962314,0.2774732454014247,-0.0411840404827993,-0.0155877179908104,-0.0075709787401332124,-0.01783209726532649,-0.02892825975589559,-0.023773282411494786,-0.06736580761098164,0.00832943863926616,0.034399737947864724,-0.03258257296589639,-0.010006720668377692,0.01048489358731393,0.7121890199421765,0.02482693521196402,0.016582751874999618,0.1752976654056028,-0.039914740430327555,0.002391085003092037,0.0021973411355862803,0.0031150999857063586,0.003068366609441926,0.7977298184411348,0.9999367644356639,0.0021973411355862803
volatility_rank,-0.008149098965738127,-0.004935104067039948,-0.0409887409354532,-0.0423875900343158,-0.00012044199391824021,-0.04145666142649114,-0.0383277913737502,0.06122510234008186,-0.015540696740563818,0.18588527247203387,0.7018123336481883,0.37245691836962314,1.0,0.7018123336481867,-0.01778963353197407,-0.006923215772320335,-0.000476758866624124,-0.013418499833573811,-0.0409789858044959,-0.008464831659796255,-0.029330693438168656,0.005461117433445742,0.0976354202347535,-0.059568597885345874,-0.06073889778926543,0.004892933662082505,0.15727372943216517,0.07855103002060554,0.043842343360190036,0.10435136889855126,-0.0743489357305512,-0.03117798485182932,0.008042046472321285,0.008062405246294436,0.0081065864837413,0.17837401811190526,0.37337385880079194,0.008042046472321285
volatility_regime_score,-0.017593681912387436,0.002574953669142773,-0.039466057029040276,-0.025260360306956053,0.02458251019095733,-0.03900235761154816,-0.01932859878608847,0.12254385055562522,-0.007955796708570497,0.22861085489024066,0.9999999999999996,0.2774732454014247,0.7018123336481867,1.0,-0.013341532191846722,-0.03197386798226312,-0.02994207558034003,-0.04523816602564438,-0.07307048126466564,-0.011771907635684776,-0.03442399933656154,0.005513725278575165,0.05685193037523665,-0.04459594468352408,-0.025627607787139992,0.013127180759192204,0.24390311318647132,0.04161193026950448,-0.28485213931357284,0.1662885789619118,-0.08908492490294331,-0.04962524469232632,0.008145606368964999,0.009170512312183732,0.009238605018753128,0.1712031496246784,0.27803818851997486,0.008145606368964999
macd_normalized,0.7845378028330627,0.9421240251185324,0.6114685562548156,0.7482249762685,0.8885107370006807,0.6761538191358776,0.7757237833891885,0.05000139543816381,0.8252516591304397,-0.04486662120825202,-0.013341532191846486,-0.0411840404827993,-0.01778963353197407,-0.013341532191846722,1.0,0.1824638449092995,0.2851090295222962,0.4015364414970143,0.6262555991590343,0.16324535738434368,0.5439692035364135,-0.1111000614611382,0.001539633517517744,0.0036566761867135506,-0.005474920121532582,0.04049542890979614,-0.027279134712435687,0.001251798467294801,0.006944096481494903,-0.010072379505294531,-0.013986332893394359,-0.0036364520623534484,-0.10706037003361461,-0.1025578628985568,-0.10255335218375193,0.23953815187348085,-0.039285587291100016,-0.10706037003361461
macd_histogram_zscore,0.6237277033625229,0.2938762304245671,0.5237790247609863,0.27004673360470505,-0.1482672397236889,0.5125187362638972,0.22934007727314734,-0.03267319563004682,0.21655479601770786,-0.02072238871869688,-0.0319738679822632,-0.0155877179908104,-0.006923215772320335,-0.03197386798226312,0.1824638449092995,1.0,0.9488757353769371,0.8056267159841874,0.6126786768440026,0.3956539533153697,0.5971569405224608,0.09202317704933259,0.003714727434880983,0.039886369466974214,-0.04374061074463617,0.0886158883529255,-0.04169201691935058,0.004260505856473574,0.02282202536465716,0.0013692184316852068,-0.004828333805383275,-0.02201895902146903,0.09901147950277699,0.07521645533095955,0.07521348434279879,0.12632035657036544,-0.014468587080255469,0.09901147950277699
macd_signal_distance,0.696201764390002,0.37484577531639746,0.5653591758335963,0.3304783037592059,-0.07758983408683423,0.5681185450691123,0.29793240704283636,-0.021936329308702023,0.2952798223120307,-0.015109544213256887,-0.029942075580339927,-0.0075709787401332124,-0.000476758866624124,-0.02994207558034003,0.2851090295222962,0.9488757353769371,1.0,0.8383695337655757,0.6818127499127566,0.3741741107503712,0.645125548150121,0.04291529237120644,0.0038636463440509337,0.03839938660883529,-0.04245970971086741,0.08947791655462096,-0.03306137031479898,0.004201308790591693,0.019614696525516617,-0.003143223147523781,-0.001613978376414798,-0.019199556129396528,0.07177298986485349,0.05221848093052168,0.05221477657210613,0.16472884199231555,-0.0063531639671967925,0.07177298986485349
momentum_rank,0.7531682173786189,0.5017576761542241,0.6011160775959992,0.4200695188277728,0.09681011264802732,0.575676484355763,0.37362643370745535,-0.016512192520944838,0.4374523842089408,-0.02634239776265079,-0.04523816602564409,-0.01783209726532649,-0.013418499833573811,-0.04523816602564438,0.4015364414970143,0.8056267159841874,0.8383695337655757,1.0,0.8069023420645326,0.4117586228736452,0.6324976418313076,0.02640580738180694,0.007986370198063497,0.042563309997289626,-0.051592741437917915,0.18640096161427708,-0.039205080879167714,0.008328861344873848,0.02277720153682692,-0.0024234882749435984,-0.01128952059602468,-0.013814372007922357,0.2005276768951995,0.17354726588380373,0.1735438038535793,0.1624141253975765,-0.016699660686140136,0.2005276768951995
rsi_percentile,0.8477591944675652,0.6724078519030238,0.6580198798680896,0.5350177678488485,0.31107676886326496,0.6280302999512516,0.4880271377344778,-0.018893232920460037,0.6131222105456157,-0.032277857241407755,-0.07307048126466564,-0.02892825975589559,-0.0409789858044959,-0.07307048126466564,0.6262555991590343,0.6126786768440026,0.6818127499127566,0.8069023420645326,1.0,0.4353223275505393,0.6088430415173889,0.12858459380911633,0.006308500859081218,0.04896035524499591,-0.05582820294097896,0.23114566505635675,-0.04008067380497134,0.007746544442344713,0.011252713980133089,0.0001342531044796595,-0.017781253267558465,-0.010550940431177845,0.21238593053300464,0.19545658801053595,0.19544351211342542,0.20727415693197346,-0.02741256979118419,0.21238593053300464
roc_3,0.5275165346214872,0.35786997658175673,0.668083253114567,0.4611787224642658,0.07988279537240248,0.47734956053037014,0.3127096100867144,0.0002232119250012204,0.27600104123394026,-0.03274685506551294,-0.011771907635684808,-0.023773282411494786,-0.008464831659796255,-0.011771907635684776,0.16324535738434368,0.3956539533153697,0.3741741107503712,0.4117586228736452,0.4353223275505393,1.0,0.5014376157531754,0.7044146630731576,0.00831996005818927,0.04096637820477136,-0.05042667219266769,0.2840919949739494,-0.11160908485316995,0.008252230249701332,0.011869542891438413,0.015178405864468855,-0.0002382917037685477,-0.00015128828043946545,0.38281919436237927,0.33792928833178143,0.33794574909113034,0.13876599124857653,-0.022058628625979036,0.38281919436237927
roc_12,0.7122787614854031,0.6010836776129815,0.9013273993318112,0.7774826573465894,0.32920441763597724,0.8957293296440239,0.7351598263606798,0.010996223663632738,0.4976029476013784,-0.07816498429925037,-0.034423999336561574,-0.06736580761098164,-0.029330693438168656,-0.03442399933656154,0.5439692035364135,0.5971569405224608,0.645125548150121,0.6324976418313076,0.6088430415173889,0.5014376157531754,1.0,0.007204881820034048,-0.0006271678763195336,0.025392178641727537,-0.02418872602265835,0.1356596076655773,-0.10445017614013932,-0.0002462491450329547,0.020383333350984453,-0.003964366765420026,-0.0017173808972322994,-0.0050409680198767945,0.09957258720372374,0.08051198229340305,0.0805205427461465,0.25866287610647537,-0.06378486039823879,0.09957258720372374
momentum_acceleration,0.1696377180146544,0.05699248863997617,0.21589989980714164,0.0721663152165197,-0.08339579834980033,0.04029137911329588,-0.04759677160052254,-0.006056774791384354,0.02603319989345669,0.004322796641094912,0.0055137252785751965,0.00832943863926616,0.005461117433445742,0.005513725278575165,-0.1111000614611382,0.09202317704933259,0.04291529237120644,0.02640580738180694,0.12858459380911633,0.7044146630731576,0.007204881820034048,1.0,0.009546007184235775,0.026912705569246163,-0.03811227516562774,0.2056057385931461,-0.055233782812044954,0.00937208529223161,-8.642222934889485e-05,0.01791065290850966,-0.002609764817929617,0.002083546007020523,0.31652325855101465,0.28232149131160716,0.28233724247655184,0.00858795585542722,0.008334032127906345,0.31652325855101465
body_percent,0.011090325451363415,0.00848395217066848,0.0020422158560759337,0.0008409103678311552,0.003481985764419136,-0.001227417223419809,-0.0008655704329991001,0.005783158301219459,0.004733681593886121,0.013094861134524573,0.05685193037523683,0.034399737947864724,0.0976354202347535,0.05685193037523665,0.001539633517517744,0.003714727434880983,0.0038636463440509337,0.007986370198063497,0.006308500859081218,0.00831996005818927,-0.0006271678763195336,0.009546007184235775,1.0,-0.6073900867915464,-0.6248508499148828,0.02009437200497581,0.14556900606320705,0.986541613496285,0.009013766282752628,0.01368410193784992,0.0006583046299368124,-0.0016586572761459828,0.02475524503475327,0.03388190938169785,0.03409020270812672,0.04470385072214454,0.03446406781120333,0.02475524503475327
upper_wick_percent,0.039675725919482145,0.018750579938319467,0.02775404454246745,0.011359516167243861,-0.009328665103323395,0.011924169587139712,-0.00028113413120351864,-0.010407577245767272,0.021379285701281874,-0.023392778197478384,-0.044595944683524305,-0.03258257296589639,-0.059568597885345874,-0.04459594468352408,0.0036566761867135506,0.039886369466974214,0.03839938660883529,0.042563309997289626,0.04896035524499591,0.04096637820477136,0.025392178641727537,0.026912705569246163,-0.6073900867915464,1.0,-0.24069784481349665,-0.39481745058887363,-0.11812212075474103,-0.5991873111229307,-0.0007587601481080365,-0.0007841659264854143,0.009966871758243597,6.979315732150358e-05,0.05413936834374081,0.05380782475575872,0.053708966178938146,-0.034072365727432566,-0.0326414358720144,0.05413936834374081
lower_wick_percent,-0.05254363756904781,-0.02879383548680371,-0.02977199348348879,-0.012191613724401614,0.004913981112657077,-0.010219396558185108,0.001333827416145199,0.0031627758965954117,-0.02679527190606884,0.006991282730712638,-0.025627607787139985,-0.010006720668377692,-0.06073889778926543,-0.025627607787139992,-0.005474920121532582,-0.04374061074463617,-0.04245970971086741,-0.051592741437917915,-0.05582820294097896,-0.05042667219266769,-0.02418872602265835,-0.03811227516562774,-0.6248508499148828,-0.24069784481349665,1.0,0.36347741366203395,-0.06176473726428447,-0.616441820357561,-0.010267279218577289,-0.015948512410658044,-0.010599808365033657,0.0019579494149030417,-0.0834536390940101,-0.0942785672784932,-0.09443589749768921,-0.021131903170648666,-0.010027467073629386,-0.0834536390940101
close_position,0.27028232267995633,0.17807867673039568,0.2118402496192388,0.14599125065671703,0.030993554652746804,0.06362963763403628,0.04857965581669749,0.007856444666059188,0.14571200888947078,0.011983875729516638,0.013127180759192204,0.01048489358731393,0.004892933662082505,0.013127180759192204,0.04049542890979614,0.0886158883529255,0.08947791655462096,0.18640096161427708,0.23114566505635675,0.2840919949739494,0.1356596076655773,0.2056057385931461,0.02009437200497581,-0.39481745058887363,0.36347741366203395,1.0,0.003764181518891912,0.019544835514524538,-0.002137294462576682,0.00834304440638703,-0.0117706172419611,-0.010363477296626596,0.690165051843954,0.7469960284622233,0.7469840347245497,0.06503474508680697,0.010660679604278247,0.690165051843954
range_percent,-0.04700100668307693,-0.03816266094389955,-0.14687046024198036,-0.12405240435271543,-0.018902267762747598,-0.10494596962910814,-0.08031435525520973,0.03578106626218085,-0.039290404715369744,0.7626561575635453,0.24390311318647126,0.7121890199421765,0.15727372943216517,0.24390311318647132,-0.027279134712435687,-0.04169201691935058,-0.03306137031479898,-0.039205080879167714,-0.04008067380497134,-0.11160908485316995,-0.10445017614013932,-0.055233782812044954,0.14556900606320705,-0.11812212075474103,-0.06176473726428447,0.003764181518891912,1.0,0.14273538889944792,-0.14800321991975549,0.01981674617972516,-0.006704647823703969,-0.014415565409063188,-0.024401788187794576,-0.015048355047073107,-0.015048233897499989,0.5971008627794887,0.7124686945372959,-0.024401788187794576
body_rank,0.010586478840342028,0.0073977727646602895,0.002769851581194326,0.0017823572117822617,0.002008073434709684,-0.0003650527465322742,9.72301010821538e-05,0.0023272129489070354,0.0033517053405986252,0.00871461001481045,0.04161193026950434,0.02482693521196402,0.07855103002060554,0.04161193026950448,0.001251798467294801,0.004260505856473574,0.004201308790591693,0.008328861344873848,0.007746544442344713,0.008252230249701332,-0.0002462491450329547,0.00937208529223161,0.986541613496285,-0.5991873111229307,-0.616441820357561,0.019544835514524538,0.14273538889944792,1.0,0.00782755096248892,0.01259853494483947,0.0020503415370439616,-0.001077742016685644,0.023551557337803727,0.03354907666305868,0.033749014463197106,0.03375869797585674,0.024871271231954123,0.023551557337803727
hour_sin,0.016719141550753353,0.012071956962610108,0.016903436187985045,0.011026951594582423,0.003901880075435833,0.015974240165914682,0.009577999312673573,-0.0013893121244146847,0.008131346971972944,-0.05261065855703837,-0.28485213931357267,0.016582751874999618,0.043842343360190036,-0.28485213931357284,0.006944096481494903,0.02282202536465716,0.019614696525516617,0.02277720153682692,0.011252713980133089,0.011869542891438413,0.020383333350984453,-8.642222934889485e-05,0.009013766282752628,-0.0007587601481080365,-0.010267279218577289,-0.002137294462576682,-0.14800321991975549,0.00782755096248892,1.0,0.00711629460816589,-0.0017955772568060452,0.0008598391972491477,0.004076025074288251,0.00038436149949424404,0.00035473820034716367,0.007453313834227157,0.01664648508926334,0.004076025074288251
hour_cos,0.00021646965782194582,-0.004256792768397467,-0.00010913444112001054,-0.002385035425597647,-0.008236567964180498,-0.0018562165431400264,-0.0009392727284328352,-0.01277088565330204,-0.004947162865449722,0.1948133237698899,0.1662885789619114,0.1752976654056028,0.10435136889855126,0.1662885789619118,-0.010072379505294531,0.0013692184316852068,-0.003143223147523781,-0.0024234882749435984,0.0001342531044796595,0.015178405864468855,-0.003964366765420026,0.01791065290850966,0.01368410193784992,-0.0007841659264854143,-0.015948512410658044,0.00834304440638703,0.01981674617972516,0.01259853494483947,0.00711629460816589,1.0,0.0019408439891883088,-0.0018159541453167977,0.011040971012321411,0.011091522976328285,0.011061279228502635,0.16025556527966162,0.17561709111620935,0.011040971012321411
day_sin,-0.011389349956743733,-0.01324606646932495,-0.0018349412653624615,-0.00201039505010488,-0.012089393184918036,-0.0007145723683786565,-0.0016118439164169898,0.004134207835953104,-0.011346284683541293,-0.026531020104377436,-0.08908492490294331,-0.039914740430327555,-0.0743489357305512,-0.08908492490294331,-0.013986332893394359,-0.004828333805383275,-0.001613978376414798,-0.01128952059602468,-0.017781253267558465,-0.0002382917037685477,-0.0017173808972322994,-0.002609764817929617,0.0006583046299368124,0.009966871758243597,-0.010599808365033657,-0.0117706172419611,-0.006704647823703969,0.0020503415370439616,-0.0017955772568060452,0.0019408439891883088,1.0,0.20437637825481259,-0.002010810642581354,-0.003599822788164196,-0.003594285061833406,-0.022696032287851397,-0.04000284931149466,-0.002010810642581354
day_cos,-0.013139655193914504,-0.00543889007844753,-0.0046048906759012485,-0.0032496255074367284,0.0045359697273354305,-0.00467133456686696,-0.0026577751981699768,-0.014677242779810253,-0.017028143011951807,0.0007085571431622789,-0.04962524469232642,0.002391085003092037,-0.03117798485182932,-0.04962524469232632,-0.0036364520623534484,-0.02201895902146903,-0.019199556129396528,-0.013814372007922357,-0.010550940431177845,-0.00015128828043946545,-0.0050409680198767945,0.002083546007020523,-0.0016586572761459828,6.979315732150358e-05,0.0019579494149030417,-0.010363477296626596,-0.014415565409063188,-0.001077742016685644,0.0008598391972491477,-0.0018159541453167977,0.20437637825481259,1.0,-0.005650959535985148,-0.007127924817482205,-0.0071226955896952215,0.009533432422355242,0.0024099451298635203,-0.005650959535985148
rolling_zscore,0.25181629492657515,0.10073348463388276,0.19209410336403238,0.07866719507415719,-0.09350349915920457,-0.028981800246092794,-0.06413100639843279,-0.004416735963433985,0.06755834964501395,-0.00047445891251267754,0.00814560636896497,0.0021973411355862803,0.008042046472321285,0.008145606368964999,-0.10706037003361461,0.09901147950277699,0.07177298986485349,0.2005276768951995,0.21238593053300464,0.38281919436237927,0.09957258720372374,0.31652325855101465,0.02475524503475327,0.05413936834374081,-0.0834536390940101,0.690165051843954,-0.024401788187794576,0.023551557337803727,0.004076025074288251,0.011040971012321411,-0.002010810642581354,-0.005650959535985148,1.0,0.9153465528753186,0.9153540894411831,0.006839314063169904,0.0022091452603667902,1.0
rolling_percentile,0.21888349232865065,0.08478794006681104,0.16470427489028797,0.06467578621653038,-0.08647947016816179,-0.03578779346982544,-0.06422061382065686,-0.005354400649425944,0.06021043276347488,0.0014774912681569513,0.009170512312183736,0.0031150999857063586,0.008062405246294436,0.009170512312183732,-0.1025578628985568,0.07521645533095955,0.05221848093052168,0.17354726588380373,0.19545658801053595,0.33792928833178143,0.08051198229340305,0.28232149131160716,0.03388190938169785,0.05380782475575872,-0.0942785672784932,0.7469960284622233,-0.015048355047073107,0.03354907666305868,0.00038436149949424404,0.011091522976328285,-0.003599822788164196,-0.007127924817482205,0.9153465528753186,1.0,0.9999898049630624,0.005021918699910737,0.003102692956999244,0.9153465528753186
rolling_rank,0.21889129582748879,0.0848014582035425,0.1646980961200837,0.06467336642608564,-0.08646284472694936,-0.035800321832980736,-0.06422569631840952,-0.005347093630206269,0.06022006970143394,0.0013856326880497733,0.009238605018753194,0.003068366609441926,0.0081065864837413,0.009238605018753128,-0.10255335218375193,0.07521348434279879,0.05221477657210613,0.1735438038535793,0.19544351211342542,0.33794574909113034,0.0805205427461465,0.28233724247655184,0.03409020270812672,0.053708966178938146,-0.09443589749768921,0.7469840347245497,-0.015048233897499989,0.033749014463197106,0.00035473820034716367,0.011061279228502635,-0.003594285061833406,-0.0071226955896952215,0.9153540894411831,0.9999898049630624,1.0,0.004939102772381014,0.0030557296484698838,0.9153540894411831
rolling_quantile,0.24610012100007078,0.23865440002486732,0.2588870522417282,0.251774450902112,0.17190639739411426,0.2729172045058949,0.2643504007780693,0.04169860643087823,0.19633409968213336,0.8177598165436442,0.17120314962467853,0.7977298184411348,0.17837401811190526,0.1712031496246784,0.23953815187348085,0.12632035657036544,0.16472884199231555,0.1624141253975765,0.20727415693197346,0.13876599124857653,0.25866287610647537,0.00858795585542722,0.04470385072214454,-0.034072365727432566,-0.021131903170648666,0.06503474508680697,0.5971008627794887,0.03375869797585674,0.007453313834227157,0.16025556527966162,-0.022696032287851397,0.009533432422355242,0.006839314063169904,0.005021918699910737,0.004939102772381014,1.0,0.7992032199581397,0.0068393140631699025
rolling_std,-0.029859941374837055,-0.03695158243006942,-0.10568156731240243,-0.12469637192848208,-0.03587125773741354,-0.09859295504276935,-0.10372287914128038,0.017688430129699326,-0.047360917972417656,0.9408322932643335,0.2780381885199751,0.9999367644356639,0.37337385880079194,0.27803818851997486,-0.039285587291100016,-0.014468587080255469,-0.0063531639671967925,-0.016699660686140136,-0.02741256979118419,-0.022058628625979036,-0.06378486039823879,0.008334032127906345,0.03446406781120333,-0.0326414358720144,-0.010027467073629386,0.010660679604278247,0.7124686945372959,0.024871271231954123,0.01664648508926334,0.17561709111620935,-0.04000284931149466,0.0024099451298635203,0.0022091452603667902,0.003102692956999244,0.0030557296484698838,0.7992032199581397,1.0,0.002209145260366793
rolling_mean_distance,0.25181629492657515,0.10073348463388276,0.19209410336403238,0.07866719507415719,-0.09350349915920457,-0.028981800246092794,-0.06413100639843279,-0.004416735963433985,0.06755834964501395,-0.00047445891251267754,0.00814560636896497,0.0021973411355862803,0.008042046472321285,0.008145606368964999,-0.10706037003361461,0.09901147950277699,0.07177298986485349,0.2005276768951995,0.21238593053300464,0.38281919436237927,0.09957258720372374,0.31652325855101465,0.02475524503475327,0.05413936834374081,-0.0834536390940101,0.690165051843954,-0.024401788187794576,0.023551557337803727,0.004076025074288251,0.011040971012321411,-0.002010810642581354,-0.005650959535985148,1.0,0.9153465528753186,0.9153540894411831,0.0068393140631699025,0.002209145260366793,1.0
